<?xml version="1.0" encoding="utf-8"?>
<Project DefaultTargets="Build" xmlns="http://schemas.microsoft.com/developer/msbuild/2003">
  <ItemGroup Label="ProjectConfigurations">
    <ProjectConfiguration Include="Debug|Win32">
      <Configuration>Debug</Configuration>
      <Platform>Win32</Platform>
    </ProjectConfiguration>
    <ProjectConfiguration Include="Release|Win32">
      <Configuration>Release</Configuration>
      <Platform>Win32</Platform>
    </ProjectConfiguration>
    <ProjectConfiguration Include="Debug|x64">
      <Configuration>Debug</Configuration>
      <Platform>x64</Platform>
    </ProjectConfiguration>
    <ProjectConfiguration Include="Release|x64">
      <Configuration>Release</Configuration>
      <Platform>x64</Platform>
    </ProjectConfiguration>
  </ItemGroup>
  <PropertyGroup Label="Globals">
    <VCProjectVersion>16.0</VCProjectVersion>
    <Keyword>Win32Proj</Keyword>
    <ProjectGuid>{f2b4027f-ccf7-4678-8581-10abfd913180}</ProjectGuid>
    <RootNamespace>custombaudrate</RootNamespace>
    <WindowsTargetPlatformVersion>10.0</WindowsTargetPlatformVersion>
  </PropertyGroup>
  <Import Project="$(VCTargetsPath)\Microsoft.Cpp.Default.props" />
  <PropertyGroup Condition="'$(Configuration)|$(Platform)'=='Debug|Win32'" Label="Configuration">
    <ConfigurationType>Application</ConfigurationType>
    <UseDebugLibraries>true</UseDebugLibraries>
    <PlatformToolset>v142</PlatformToolset>
    <CharacterSet>MultiByte</CharacterSet>
  </PropertyGroup>
  <PropertyGroup Condition="'$(Configuration)|$(Platform)'=='Release|Win32'" Label="Configuration">
    <ConfigurationType>Application</ConfigurationType>
    <UseDebugLibraries>false</UseDebugLibraries>
    <PlatformToolset>v142</PlatformToolset>
    <WholeProgramOptimization>true</WholeProgramOptimization>
    <CharacterSet>MultiByte</CharacterSet>
  </PropertyGroup>
  <PropertyGroup Condition="'$(Configuration)|$(Platform)'=='Debug|x64'" Label="Configuration">
    <ConfigurationType>Application</ConfigurationType>
    <UseDebugLibraries>true</UseDebugLibraries>
    <PlatformToolset>v142</PlatformToolset>
    <CharacterSet>MultiByte</CharacterSet>
  </PropertyGroup>
  <PropertyGroup Condition="'$(Configuration)|$(Platform)'=='Release|x64'" Label="Configuration">
    <ConfigurationType>Application</ConfigurationType>
    <UseDebugLibraries>false</UseDebugLibraries>
    <PlatformToolset>v142</PlatformToolset>
    <WholeProgramOptimization>true</WholeProgramOptimization>
    <CharacterSet>MultiByte</CharacterSet>
  </PropertyGroup>
  <Import Project="$(VCTargetsPath)\Microsoft.Cpp.props" />
  <ImportGroup Label="ExtensionSettings">
  </ImportGroup>
  <ImportGroup Label="Shared">
  </ImportGroup>
  <ImportGroup Label="PropertySheets" Condition="'$(Configuration)|$(Platform)'=='Debug|Win32'">
    <Import Project="$(UserRootDir)\Microsoft.Cpp.$(Platform).user.props" Condition="exists('$(UserRootDir)\Microsoft.Cpp.$(Platform).user.props')" Label="LocalAppDataPlatform" />
  </ImportGroup>
  <ImportGroup Label="PropertySheets" Condition="'$(Configuration)|$(Platform)'=='Release|Win32'">
    <Import Project="$(UserRootDir)\Microsoft.Cpp.$(Platform).user.props" Condition="exists('$(UserRootDir)\Microsoft.Cpp.$(Platform).user.props')" Label="LocalAppDataPlatform" />
  </ImportGroup>
  <ImportGroup Label="PropertySheets" Condition="'$(Configuration)|$(Platform)'=='Debug|x64'">
    <Import Project="$(UserRootDir)\Microsoft.Cpp.$(Platform).user.props" Condition="exists('$(UserRootDir)\Microsoft.Cpp.$(Platform).user.props')" Label="LocalAppDataPlatform" />
  </ImportGroup>
  <ImportGroup Label="PropertySheets" Condition="'$(Configuration)|$(Platform)'=='Release|x64'">
    <Import Project="$(UserRootDir)\Microsoft.Cpp.$(Platform).user.props" Condition="exists('$(UserRootDir)\Microsoft.Cpp.$(Platform).user.props')" Label="LocalAppDataPlatform" />
  </ImportGroup>
  <PropertyGroup Label="UserMacros" />
  <PropertyGroup Condition="'$(Configuration)|$(Platform)'=='Debug|Win32'">
    <LinkIncremental>true</LinkIncremental>
    <OutDir>$(SolutionDir)\..\..\output\win32\$(Configuration)\</OutDir>
    <IntDir>$(SolutionDir)\..\..\obj\win32\$(ProjectName)\$(Configuration)\</IntDir>
  </PropertyGroup>
  <PropertyGroup Condition="'$(Configuration)|$(Platform)'=='Release|Win32'">
    <LinkIncremental>false</LinkIncremental>
    <OutDir>$(SolutionDir)\..\..\output\win32\$(Configuration)\</OutDir>
    <IntDir>$(SolutionDir)\..\..\obj\win32\$(ProjectName)\$(Configuration)\</IntDir>
  </PropertyGroup>
  <PropertyGroup Condition="'$(Configuration)|$(Platform)'=='Debug|x64'">
    <LinkIncremental>true</LinkIncremental>
    <OutDir>$(SolutionDir)\..\..\output\win64\$(Configuration)\</OutDir>
    <IntDir>$(SolutionDir)\..\..\obj\win64\$(ProjectName)\$(Configuration)\</IntDir>
  </PropertyGroup>
  <PropertyGroup Condition="'$(Configuration)|$(Platform)'=='Release|x64'">
    <LinkIncremental>false</LinkIncremental>
    <OutDir>$(SolutionDir)\..\..\output\win64\$(Configuration)\</OutDir>
    <IntDir>$(SolutionDir)\..\..\obj\win64\$(ProjectName)\$(Configuration)\</IntDir>
  </PropertyGroup>
  <ItemDefinitionGroup Condition="'$(Configuration)|$(Platform)'=='Debug|Win32'">
    <ClCompile>
      <WarningLevel>Level3</WarningLevel>
      <SDLCheck>true</SDLCheck>
      <PreprocessorDefinitions>WIN32;_DEBUG;_CONSOLE;%(PreprocessorDefinitions)</PreprocessorDefinitions>
      <ConformanceMode>true</ConformanceMode>
      <AdditionalIncludeDirectories>..\..\..\sdk\src;..\..\..\sdk\include;..\..\..\app\custom_baudrate;%(AdditionalIncludeDirectories)</AdditionalIncludeDirectories>
      <RuntimeLibrary>MultiThreadedDebug</RuntimeLibrary>
    </ClCompile>
    <Link>
      <SubSystem>Console</SubSystem>
      <GenerateDebugInformation>true</GenerateDebugInformation>
    </Link>
  </ItemDefinitionGroup>
  <ItemDefinitionGroup Condition="'$(Configuration)|$(Platform)'=='Release|Win32'">
    <ClCompile>
      <WarningLevel>Level3</WarningLevel>
      <FunctionLevelLinking>true</FunctionLevelLinking>
      <IntrinsicFunctions>true</IntrinsicFunctions>
      <SDLCheck>true</SDLCheck>
      <PreprocessorDefinitions>WIN32;NDEBUG;_CONSOLE;%(PreprocessorDefinitions)</PreprocessorDefinitions>
      <ConformanceMode>true</ConformanceMode>
      <AdditionalIncludeDirectories>..\..\..\sdk\src;..\..\..\sdk\include;..\..\..\app\custom_baudrate;%(AdditionalIncludeDirectories)</AdditionalIncludeDirectories>
      <RuntimeLibrary>MultiThreaded</RuntimeLibrary>
    </ClCompile>
    <Link>
      <SubSystem>Console</SubSystem>
      <EnableCOMDATFolding>true</EnableCOMDATFolding>
      <OptimizeReferences>true</OptimizeReferences>
      <GenerateDebugInformation>true</GenerateDebugInformation>
    </Link>
  </ItemDefinitionGroup>
  <ItemDefinitionGroup Condition="'$(Configuration)|$(Platform)'=='Debug|x64'">
    <ClCompile>
      <WarningLevel>Level3</WarningLevel>
      <SDLCheck>true</SDLCheck>
      <PreprocessorDefinitions>_DEBUG;_CONSOLE;%(PreprocessorDefinitions)</PreprocessorDefinitions>
      <ConformanceMode>true</ConformanceMode>
      <AdditionalIncludeDirectories>..\..\..\sdk\src;..\..\..\sdk\include;..\..\..\app\custom_baudrate;%(AdditionalIncludeDirectories)</AdditionalIncludeDirectories>
      <RuntimeLibrary>MultiThreadedDebug</RuntimeLibrary>
    </ClCompile>
    <Link>
      <SubSystem>Console</SubSystem>
      <GenerateDebugInformation>true</GenerateDebugInformation>
    </Link>
  </ItemDefinitionGroup>
  <ItemDefinitionGroup Condition="'$(Configuration)|$(Platform)'=='Release|x64'">
    <ClCompile>
      <WarningLevel>Level3</WarningLevel>
      <FunctionLevelLinking>true</FunctionLevelLinking>
      <IntrinsicFunctions>true</IntrinsicFunctions>
      <SDLCheck>true</SDLCheck>
      <PreprocessorDefinitions>NDEBUG;_CONSOLE;%(PreprocessorDefinitions)</PreprocessorDefinitions>
      <ConformanceMode>true</ConformanceMode>
      <AdditionalIncludeDirectories>..\..\..\sdk\src;..\..\..\sdk\include;..\..\..\app\custom_baudrate;%(AdditionalIncludeDirectories)</AdditionalIncludeDirectories>
      <RuntimeLibrary>MultiThreaded</RuntimeLibrary>
    </ClCompile>
    <Link>
      <SubSystem>Console</SubSystem>
      <EnableCOMDATFolding>true</EnableCOMDATFolding>
      <OptimizeReferences>true</OptimizeReferences>
      <GenerateDebugInformation>true</GenerateDebugInformation>
    </Link>
  </ItemDefinitionGroup>
  <ItemGroup>
    <ClCompile Include="..\..\..\app\custom_baudrate\main.cpp" />
  </ItemGroup>
  <ItemGroup>
    <ProjectReference Include="..\rplidar_driver\rplidar_driver.vcxproj">
      <Project>{1f0aa469-8a8f-4ada-931d-967d2c5996df}</Project>
    </ProjectReference>
  </ItemGroup>
  <Import Project="$(VCTargetsPath)\Microsoft.Cpp.targets" />
  <ImportGroup Label="ExtensionTargets">
  </ImportGroup>
</Project>